,2022 National Employment Matrix code,2022 National Employment Matrix title,"Median annual wage, 2022(1)"
0,00-0000,All Occupations,46310
1,11-0000,Management Occupations,107360
2,11-1000,Top Executives,99890
3,11-1011,Chief Executives,189520
4,11-1021,General and Operations Managers,98100
5,11-1031,Legislators,48090
6,11-2000,"Advertising, Marketing, Promotions, Public Relations, and Sales Managers",132820
7,11-2011,Advertising and Promotions Managers,127830
8,11-2020,Marketing and Sales Managers,133880
9,11-2021,Marketing Managers,140040
10,11-2022,Sales Managers,130600
11,11-2030,Public Relations and Fundraising Managers,125620
12,11-2032,Public Relations Managers,129430
13,11-2033,Fundraising Managers,107390
14,11-3000,Operations Specialties Managers,130950
15,11-3010,Administrative Services and Facilities Managers,101870
16,11-3012,Administrative Services Managers,103330
17,11-3013,Facilities Managers,99030
18,11-3021,Computer and Information Systems Managers,164070
19,11-3031,Financial Managers,139790
20,11-3051,Industrial Production Managers,107560
21,11-3061,Purchasing Managers,131350
22,11-3071,"Transportation, Storage, and Distribution Managers",98560
23,11-3111,Compensation and Benefits Managers,131280
24,11-3121,Human Resources Managers,130000
25,11-3131,Training and Development Managers,120000
26,11-9000,Other Management Occupations,99740
27,11-9013,"Farmers, Ranchers, and Other Agricultural Managers",75760
28,11-9021,Construction Managers,101480
29,11-9030,Education and Childcare Administrators,97920
30,11-9031,"Education and Childcare Administrators, Preschool and Daycare",49690
31,11-9032,"Education Administrators, Kindergarten through Secondary",101320
32,11-9033,"Education Administrators, Postsecondary",99940
33,11-9039,"Education Administrators, All Other",89130
34,11-9041,Architectural and Engineering Managers,159920
35,11-9051,Food Service Managers,61310
36,11-9070,Entertainment and Recreation Managers,71420
37,11-9071,Gambling Managers,80710
38,11-9072,"Entertainment and Recreation Managers, Except Gambling",67220
39,11-9081,Lodging Managers,61910
40,11-9111,Medical and Health Services Managers,104830
41,11-9121,Natural Sciences Managers,144440
42,11-9131,Postmasters and Mail Superintendents,82760
43,11-9141,"Property, Real Estate, and Community Association Managers",60670
44,11-9151,Social and Community Service Managers,74240
45,11-9161,Emergency Management Directors,79180
46,11-9170,Personal Service Managers,62120
47,11-9171,Funeral Home Managers,72110
48,11-9179,"Personal Service Managers, All Other",56090
49,11-9199,"Managers, All Other",128620
50,13-0000,Business and Financial Operations Occupations,76850
51,13-1000,Business Operations Specialists,76050
52,13-1011,"Agents and Business Managers of Artists, Performers, and Athletes",82530
53,13-1020,Buyers and Purchasing Agents,67620
54,13-1020,Buyers and Purchasing Agents,67620
55,13-1030,"Claims Adjusters, Appraisers, Examiners, and Investigators",72040
56,13-1031,"Claims Adjusters, Examiners, and Investigators",72230
57,13-1032,"Insurance Appraisers, Auto Damage",69380
58,13-1041,Compliance Officers,71690
59,13-1051,Cost Estimators,71200
60,13-1070,Human Resources Workers,65000
61,13-1071,Human Resources Specialists,64240
62,13-1074,Farm Labor Contractors,49330
63,13-1075,Labor Relations Specialists,82010
64,13-1080,Logisticians and Project Management Specialists,88050
65,13-1081,Logisticians,77520
66,13-1082,Project Management Specialists,95370
67,13-1111,Management Analysts,95290
68,13-1121,"Meeting, Convention, and Event Planners",52560
69,13-1131,Fundraisers,61190
70,13-1141,"Compensation, Benefits, and Job Analysis Specialists",67780
71,13-1151,Training and Development Specialists,63080
72,13-1161,Market Research Analysts and Marketing Specialists,68230
73,13-1199,"Business Operations Specialists, All Other",75990
74,13-2000,Financial Specialists,78180
75,13-2011,Accountants and Auditors,78000
76,13-2020,Property Appraisers and Assessors,61560
77,13-2020,Property Appraisers and Assessors,61560
78,13-2031,Budget Analysts,82260
79,13-2041,Credit Analysts,78850
80,13-2050,Financial Analysts and Advisors,90680
81,13-2051,Financial and Investment Analysts,95080
82,13-2052,Personal Financial Advisors,95390
83,13-2053,Insurance Underwriters,76230
84,13-2054,Financial Risk Specialists,102120
85,13-2061,Financial Examiners,82210
86,13-2070,Credit Counselors and Loan Officers,63650
87,13-2071,Credit Counselors,47320
88,13-2072,Loan Officers,65740
89,13-2080,"Tax Examiners, Collectors and Preparers, and Revenue Agents",51830
90,13-2081,"Tax Examiners and Collectors, and Revenue Agents",57950
91,13-2082,Tax Preparers,48250
92,13-2099,"Financial Specialists, All Other",73810
93,15-0000,Computer and Mathematical Occupations,100440
94,15-1200,Computer Occupations,100530
95,15-1210,Computer and Information Analysts,104230
96,15-1211,Computer Systems Analysts,102240
97,15-1212,Information Security Analysts,112000
98,15-1221,Computer and Information Research Scientists,136620
99,15-1230,Computer Support Specialists,59660
100,15-1231,Computer Network Support Specialists,68050
101,15-1232,Computer User Support Specialists,57890
102,15-1240,Database and Network Administrators and Architects,103270
103,15-1241,Computer Network Architects,126900
104,15-1242,Database Administrators,99890
105,15-1243,Database Architects,134870
106,15-1244,Network and Computer Systems Administrators,90520
107,15-1250,"Software and Web Developers, Programmers, and Testers",114190
108,15-1251,Computer Programmers,97800
109,15-1252,Software Developers,127260
110,15-1253,Software Quality Assurance Analysts and Testers,99620
111,15-1254,Web Developers,78580
112,15-1255,Web and Digital Interface Designers,83240
113,15-1299,"Computer Occupations, All Other",98740
114,15-2000,Mathematical Science Occupations,99590
115,15-2011,Actuaries,113990
116,15-2021,Mathematicians,112110
117,15-2031,Operations Research Analysts,85720
118,15-2041,Statisticians,98920
119,15-2051,Data Scientists,103500
120,15-2099,"Mathematical Science Occupations, All Other",71700
121,17-0000,Architecture and Engineering Occupations,83700
122,17-1000,"Architects, Surveyors, and Cartographers",79000
123,17-1010,"Architects, Except Naval",81640
124,17-1011,"Architects, Except Landscape and Naval",82840
125,17-1012,Landscape Architects,73210
126,17-1020,"Surveyors, Cartographers, and Photogrammetrists",64710
127,17-1021,Cartographers and Photogrammetrists,71890
128,17-1022,Surveyors,63080
129,17-2000,Engineers,100030
130,17-2011,Aerospace Engineers,126880
131,17-2021,Agricultural Engineers,83260
132,17-2031,Bioengineers and Biomedical Engineers,99550
133,17-2041,Chemical Engineers,106260
134,17-2051,Civil Engineers,89940
135,17-2061,Computer Hardware Engineers,132360
136,17-2070,Electrical and Electronics Engineers,104610
137,17-2071,Electrical Engineers,103320
138,17-2072,"Electronics Engineers, Except Computer",108170
139,17-2081,Environmental Engineers,96530
140,17-2110,"Industrial Engineers, Including Health and Safety",96590
141,17-2111,"Health and Safety Engineers, Except Mining Safety Engineers and Inspectors",100660
142,17-2112,Industrial Engineers,96350
143,17-2121,Marine Engineers and Naval Architects,96910
144,17-2131,Materials Engineers,100140
145,17-2141,Mechanical Engineers,96310
146,17-2151,"Mining and Geological Engineers, Including Mining Safety Engineers",97490
147,17-2161,Nuclear Engineers,122480
148,17-2171,Petroleum Engineers,131800
149,17-2199,"Engineers, All Other",104600
150,17-3000,"Drafters, Engineering Technicians, and Mapping Technicians",61090
151,17-3010,Drafters,60400
152,17-3011,Architectural and Civil Drafters,59820
153,17-3012,Electrical and Electronics Drafters,64240
154,17-3013,Mechanical Drafters,61310
155,17-3019,"Drafters, All Other",57640
156,17-3020,"Engineering Technologists and Technicians, Except Drafters",62530
157,17-3021,Aerospace Engineering and Operations Technologists and Technicians,74410
158,17-3022,Civil Engineering Technologists and Technicians,59630
159,17-3023,Electrical and Electronic Engineering Technologists and Technicians,66390
160,17-3024,Electro-Mechanical and Mechatronics Technologists and Technicians,60570
161,17-3025,Environmental Engineering Technologists and Technicians,50980
162,17-3026,Industrial Engineering Technologists and Technicians,61210
163,17-3027,Mechanical Engineering Technologists and Technicians,61990
164,17-3028,Calibration Technologists and Technicians,62050
165,17-3029,"Engineering Technologists and Technicians, Except Drafters, All Other",65520
166,17-3031,Surveying and Mapping Technicians,47180
167,17-3031,Surveying and Mapping Technicians,47180
168,19-0000,"Life, Physical, and Social Science Occupations",74330
169,19-1000,Life Scientists,83060
170,19-1010,Agricultural and Food Scientists,74940
171,19-1011,Animal Scientists,69390
172,19-1012,Food Scientists and Technologists,79860
173,19-1013,Soil and Plant Scientists,65730
174,19-1020,Biological Scientists,86000
175,19-1021,Biochemists and Biophysicists,103810
176,19-1022,Microbiologists,81990
177,19-1023,Zoologists and Wildlife Biologists,67430
178,19-1029,"Biological Scientists, All Other",87300
179,19-1030,Conservation Scientists and Foresters,64420
180,19-1031,Conservation Scientists,64460
181,19-1032,Foresters,64220
182,19-1040,Medical Scientists,97210
183,19-1041,Epidemiologists,78520
184,19-1042,"Medical Scientists, Except Epidemiologists",99930
185,19-1099,"Life Scientists, All Other",83930
186,19-2000,Physical Scientists,83760
187,19-2010,Astronomers and Physicists,139220
188,19-2011,Astronomers,128330
189,19-2012,Physicists,142850
190,19-2021,Atmospheric and Space Scientists,83780
191,19-2030,Chemists and Materials Scientists,81810
192,19-2031,Chemists,80670
193,19-2032,Materials Scientists,104380
194,19-2040,Environmental Scientists and Geoscientists,78730
195,19-2041,"Environmental Scientists and Specialists, Including Health",76480
196,19-2042,"Geoscientists, Except Hydrologists and Geographers",87480
197,19-2043,Hydrologists,85990
198,19-2099,"Physical Scientists, All Other",107970
199,19-3000,Social Scientists and Related Workers,84000
200,19-3011,Economists,113940
201,19-3022,Survey Researchers,60410
202,19-3030,Psychologists,85330
203,19-3032,Industrial-Organizational Psychologists,139280
204,19-3033,Clinical and Counseling Psychologists,90130
205,19-3034,School Psychologists,81500
206,19-3039,"Psychologists, All Other",106420
207,19-3041,Sociologists,98590
208,19-3051,Urban and Regional Planners,79540
209,19-3090,Miscellaneous Social Scientists and Related Workers,86070
210,19-3091,Anthropologists and Archeologists,63940
211,19-3092,Geographers,88900
212,19-3093,Historians,64540
213,19-3094,Political Scientists,128020
214,19-3099,"Social Scientists and Related Workers, All Other",88900
215,19-4000,"Life, Physical, and Social Science Technicians",49790
216,19-4010,Agricultural and Food Science Technicians,46140
217,19-4012,Agricultural Technicians,41760
218,19-4013,Food Science Technicians,47860
219,19-4021,Biological Technicians,49650
220,19-4031,Chemical Technicians,50840
221,19-4040,Environmental Science and Geoscience Technicians,48640
222,19-4042,"Environmental Science and Protection Technicians, Including Health",48380
223,19-4043,"Geological Technicians, Except Hydrologic Technicians",48490
224,19-4044,Hydrologic Technicians,58360
225,19-4051,Nuclear Technicians,100420
226,19-4061,Social Science Research Assistants,50470
227,19-4071,Forest and Conservation Technicians,41520
228,19-4090,"Miscellaneous Life, Physical, and Social Science Technicians",53370
229,19-4092,Forensic Science Technicians,63740
230,19-4099,"Life, Physical, and Social Science Technicians, All Other",50290
231,19-5000,Occupational Health and Safety Specialists and Technicians,75240
232,19-5011,Occupational Health and Safety Specialists,78570
233,19-5012,Occupational Health and Safety Technicians,57970
234,21-0000,Community and Social Service Occupations,49380
235,21-1000,"Counselors, Social Workers, and Other Community and Social Service Specialists",49330
236,21-1010,Counselors,51180
237,21-1012,"Educational, Guidance, and Career Counselors and Advisors",60140
238,21-1013,Marriage and Family Therapists,56570
239,21-1015,Rehabilitation Counselors,39990
240,21-1018,"Substance Abuse, Behavioral Disorder, and Mental Health Counselors",49710
241,21-1019,"Counselors, All Other",43390
242,21-1020,Social Workers,55350
243,21-1021,"Child, Family, and School Social Workers",50820
244,21-1022,Healthcare Social Workers,60280
245,21-1023,Mental Health and Substance Abuse Social Workers,51240
246,21-1029,"Social Workers, All Other",61420
247,21-1090,Miscellaneous Community and Social Service Specialists,44050
248,21-1091,Health Education Specialists,59990
249,21-1092,Probation Officers and Correctional Treatment Specialists,59860
250,21-1093,Social and Human Service Assistants,38520
251,21-1094,Community Health Workers,46190
252,21-1099,"Community and Social Service Specialists, All Other",47290
253,21-2000,Religious Workers,50680
254,21-2011,Clergy,55550
255,21-2021,"Directors, Religious Activities and Education",49380
256,21-2099,"Religious Workers, All Other",39370
257,23-0000,Legal Occupations,95170
258,23-1000,"Lawyers, Judges, and Related Workers",133510
259,23-1010,Lawyers and Judicial Law Clerks,134140
260,23-1011,Lawyers,135740
261,23-1012,Judicial Law Clerks,57490
262,23-1020,"Judges, Magistrates, and Other Judicial Workers",113600
263,23-1021,"Administrative Law Judges, Adjudicators, and Hearing Officers",94990
264,23-1022,"Arbitrators, Mediators, and Conciliators",64030
265,23-1023,"Judges, Magistrate Judges, and Magistrates",151030
266,23-2000,Legal Support Workers,58810
267,23-2011,Paralegals and Legal Assistants,59200
268,23-2090,Miscellaneous Legal Support Workers,56850
269,23-2093,"Title Examiners, Abstractors, and Searchers",50490
270,23-2099,"Legal Support Workers, All Other",62340
271,25-0000,Educational Instruction and Library Occupations,57490
272,25-1000,Postsecondary Teachers,79080
273,25-1011,"Business Teachers, Postsecondary",88790
274,25-1020,"Math and Computer Science Teachers, Postsecondary",79810
275,25-1021,"Computer Science Teachers, Postsecondary",84760
276,25-1022,"Mathematical Science Teachers, Postsecondary",77420
277,25-1030,"Engineering and Architecture Teachers, Postsecondary",102810
278,25-1031,"Architecture Teachers, Postsecondary",93220
279,25-1032,"Engineering Teachers, Postsecondary",103550
280,25-1040,"Life Sciences Teachers, Postsecondary",82740
281,25-1041,"Agricultural Sciences Teachers, Postsecondary",85860
282,25-1042,"Biological Science Teachers, Postsecondary",81650
283,25-1043,"Forestry and Conservation Science Teachers, Postsecondary",96500
284,25-1050,"Physical Sciences Teachers, Postsecondary",83700
285,25-1051,"Atmospheric, Earth, Marine, and Space Sciences Teachers, Postsecondary",97770
286,25-1052,"Chemistry Teachers, Postsecondary",80720
287,25-1053,"Environmental Science Teachers, Postsecondary",83040
288,25-1054,"Physics Teachers, Postsecondary",86550
289,25-1060,"Social Sciences Teachers, Postsecondary",80910
290,25-1061,"Anthropology and Archeology Teachers, Postsecondary",85000
291,25-1062,"Area, Ethnic, and Cultural Studies Teachers, Postsecondary",80910
292,25-1063,"Economics Teachers, Postsecondary",103930
293,25-1064,"Geography Teachers, Postsecondary",81920
294,25-1065,"Political Science Teachers, Postsecondary",83770
295,25-1066,"Psychology Teachers, Postsecondary",78810
296,25-1067,"Sociology Teachers, Postsecondary",78970
297,25-1069,"Social Sciences Teachers, Postsecondary, All Other",75390
298,25-1070,"Health Teachers, Postsecondary",95580
299,25-1071,"Health Specialties Teachers, Postsecondary",100300
300,25-1072,"Nursing Instructors and Teachers, Postsecondary",78580
301,25-1080,"Education and Library Science Teachers, Postsecondary",67920
302,25-1081,"Education Teachers, Postsecondary",66930
303,25-1082,"Library Science Teachers, Postsecondary",76370
304,25-1110,"Law, Criminal Justice, and Social Work Teachers, Postsecondary",77580
305,25-1111,"Criminal Justice and Law Enforcement Teachers, Postsecondary",64990
306,25-1112,"Law Teachers, Postsecondary",108860
307,25-1113,"Social Work Teachers, Postsecondary",66510
308,25-1120,"Arts, Communications, History, and Humanities Teachers, Postsecondary",76850
309,25-1121,"Art, Drama, and Music Teachers, Postsecondary",77280
310,25-1122,"Communications Teachers, Postsecondary",76250
311,25-1123,"English Language and Literature Teachers, Postsecondary",74280
312,25-1124,"Foreign Language and Literature Teachers, Postsecondary",76030
313,25-1125,"History Teachers, Postsecondary",79400
314,25-1126,"Philosophy and Religion Teachers, Postsecondary",78780
315,25-1190,Miscellaneous Postsecondary Teachers,66390
316,25-1192,"Family and Consumer Sciences Teachers, Postsecondary",76440
317,25-1193,"Recreation and Fitness Studies Teachers, Postsecondary",72650
318,25-1194,"Career/Technical Education Teachers, Postsecondary",59840
319,25-1199,"Postsecondary Teachers, All Other",76920
320,25-2000,"Preschool, Elementary, Middle, Secondary, and Special Education Teachers",61180
321,25-2010,Preschool and Kindergarten Teachers,37000
322,25-2011,"Preschool Teachers, Except Special Education",35330
323,25-2012,"Kindergarten Teachers, Except Special Education",60490
324,25-2020,Elementary and Middle School Teachers,61730
325,25-2021,"Elementary School Teachers, Except Special Education",61690
326,25-2022,"Middle School Teachers, Except Special and Career/Technical Education",61810
327,25-2023,"Career/Technical Education Teachers, Middle School",62630
328,25-2030,Secondary School Teachers,62360
329,25-2031,"Secondary School Teachers, Except Special and Career/Technical Education",62360
330,25-2032,"Career/Technical Education Teachers, Secondary School",62500
331,25-2050,Special Education Teachers,62950
332,25-2051,"Special Education Teachers, Preschool",62240
333,25-2052,"Special Education Teachers, Kindergarten and Elementary School",62390
334,25-2057,"Special Education Teachers, Middle School",62990
335,25-2058,"Special Education Teachers, Secondary School",63560
336,25-2059,"Special Education Teachers, All Other",63950
337,25-3000,Other Teachers and Instructors,38510
338,25-3011,"Adult Basic Education, Adult Secondary Education, and English as a Second Language Instructors",58590
339,25-3021,Self-Enrichment Teachers,44110
340,25-3031,"Substitute Teachers, Short-Term",35250
341,25-3041,Tutors,36680
342,25-3099,"Teachers and Instructors, All Other",61250
343,25-4000,"Librarians, Curators, and Archivists",51220
344,25-4010,"Archivists, Curators, and Museum Technicians",53420
345,25-4011,Archivists,58640
346,25-4012,Curators,60380
347,25-4013,Museum Technicians and Conservators,47270
348,25-4022,Librarians and Media Collections Specialists,61660
349,25-4031,Library Technicians,37600
350,25-9000,Other Educational Instruction and Library Occupations,35520
351,25-9021,Farm and Home Management Educators,53450
352,25-9031,Instructional Coordinators,66490
353,25-9040,Teaching Assistants,31320
354,25-9044,"Teaching Assistants, Postsecondary",38050
355,25-9045,"Teaching Assistants, Except Postsecondary",30920
356,25-9099,"Educational Instruction and Library Workers, All Other",47650
357,27-0000,"Arts, Design, Entertainment, Sports, and Media Occupations",58030
358,27-1000,Art and Design Workers,51150
359,27-1010,Artists and Related Workers,95220
360,27-1011,Art Directors,105180
361,27-1012,Craft Artists,38150
362,27-1013,"Fine Artists, Including Painters, Sculptors, and Illustrators",57560
363,27-1014,Special Effects Artists and Animators,98950
364,27-1019,"Artists and Related Workers, All Other",69760
365,27-1020,Designers,46990
366,27-1021,Commercial and Industrial Designers,75910
367,27-1022,Fashion Designers,76700
368,27-1023,Floral Designers,33160
369,27-1024,Graphic Designers,57990
370,27-1025,Interior Designers,61590
371,27-1026,Merchandise Displayers and Window Trimmers,35380
372,27-1027,Set and Exhibit Designers,59990
373,27-1029,"Designers, All Other",65390
374,27-2000,"Entertainers and Performers, Sports and Related Workers",52940
375,27-2010,"Actors, Producers, and Directors",75440
376,27-2011,Actors,—
377,27-2012,Producers and Directors,85320
378,27-2020,"Athletes, Coaches, Umpires, and Related Workers",45080
379,27-2021,Athletes and Sports Competitors,94270
380,27-2022,Coaches and Scouts,44890
381,27-2023,"Umpires, Referees, and Other Sports Officials",36010
382,27-2030,Dancers and Choreographers,47050
383,27-2031,Dancers,—
384,27-2032,Choreographers,50990
385,27-2040,"Musicians, Singers, and Related Workers",—
386,27-2041,Music Directors and Composers,62940
387,27-2042,Musicians and Singers,—
388,27-2090,"Miscellaneous Entertainers and Performers, Sports and Related Workers",—
389,27-2091,"Disc Jockeys, Except Radio",—
390,27-2099,"Entertainers and Performers, Sports and Related Workers, All Other",—
391,27-3000,Media and Communication Workers,66240
392,27-3011,Broadcast Announcers and Radio Disc Jockeys,41750
393,27-3023,"News Analysts, Reporters, and Journalists",55960
394,27-3031,Public Relations Specialists,67440
395,27-3040,Writers and Editors,75080
396,27-3041,Editors,73080
397,27-3042,Technical Writers,79960
398,27-3043,Writers and Authors,73150
399,27-3090,Miscellaneous Media and Communication Workers,58180
400,27-3091,Interpreters and Translators,53640
401,27-3092,Court Reporters and Simultaneous Captioners,63560
402,27-3099,"Media and Communication Workers, All Other",65000
403,27-4000,Media and Communication Equipment Workers,52840
404,27-4010,"Broadcast, Sound, and Lighting Technicians",53960
405,27-4011,Audio and Video Technicians,50660
406,27-4012,Broadcast Technicians,60700
407,27-4014,Sound Engineering Technicians,60670
408,27-4015,Lighting Technicians,61650
409,27-4021,Photographers,40170
410,27-4030,"Television, Video, and Film Camera Operators and Editors",62420
411,27-4031,"Camera Operators, Television, Video, and Film",58230
412,27-4032,Film and Video Editors,63520
413,27-4099,"Media and Communication Equipment Workers, All Other",69490
414,29-0000,Healthcare Practitioners and Technical Occupations,77760
415,29-1000,Healthcare Diagnosing or Treating Practitioners,93710
416,29-1011,Chiropractors,75380
417,29-1020,Dentists,159530
418,29-1021,"Dentists, General",155040
419,29-1022,Oral and Maxillofacial Surgeons,">=$239,200"
420,29-1023,Orthodontists,174360
421,29-1029,"Dentists, All Other Specialists",212740
422,29-1031,Dietitians and Nutritionists,66450
423,29-1041,Optometrists,125590
424,29-1051,Pharmacists,132750
425,29-1071,Physician Assistants,126010
426,29-1081,Podiatrists,148720
427,29-1120,Therapists,83960
428,29-1122,Occupational Therapists,93180
429,29-1123,Physical Therapists,97720
430,29-1124,Radiation Therapists,89530
431,29-1125,Recreational Therapists,51330
432,29-1126,Respiratory Therapists,70540
433,29-1127,Speech-Language Pathologists,84140
434,29-1128,Exercise Physiologists,51350
435,29-1129,"Therapists, All Other",60800
436,29-1131,Veterinarians,103260
437,29-1141,Registered Nurses,81220
438,29-1151,Nurse Anesthetists,203090
439,29-1161,Nurse Midwives,120880
440,29-1171,Nurse Practitioners,121610
441,29-1181,Audiologists,82680
442,29-1210,Physicians,227180
443,29-1211,Anesthesiologists,">=$239,200"
444,29-1212,Cardiologists,">=$239,200"
445,29-1213,Dermatologists,">=$239,200"
446,29-1214,Emergency Medicine Physicians,">=$239,200"
447,29-1215,Family Medicine Physicians,211300
448,29-1216,General Internal Medicine Physicians,214460
449,29-1217,Neurologists,224260
450,29-1218,Obstetricians and Gynecologists,">=$239,200"
451,29-1221,"Pediatricians, General",190350
452,29-1222,"Physicians, Pathologists",">=$239,200"
453,29-1223,Psychiatrists,226880
454,29-1224,Radiologists,">=$239,200"
455,29-1229,"Physicians, All Other",223410
456,29-1240,Surgeons,">=$239,200"
457,29-1241,"Ophthalmologists, Except Pediatric",219810
458,29-1242,"Orthopedic Surgeons, Except Pediatric",">=$239,200"
459,29-1243,Pediatric Surgeons,">=$239,200"
460,29-1249,"Surgeons, All Other",">=$239,200"
461,29-1290,Miscellaneous Healthcare Diagnosing or Treating Practitioners,81950
462,29-1291,Acupuncturists,72220
463,29-1292,Dental Hygienists,81400
464,29-1299,"Healthcare Diagnosing or Treating Practitioners, All Other",106230
465,29-2000,Health Technologists and Technicians,48560
466,29-2010,Clinical Laboratory Technologists and Technicians,57380
467,29-2010,Clinical Laboratory Technologists and Technicians,57380
468,29-2030,Diagnostic Related Technologists and Technicians,74550
469,29-2031,Cardiovascular Technologists and Technicians,63020
470,29-2032,Diagnostic Medical Sonographers,81350
471,29-2033,Nuclear Medicine Technologists,85300
472,29-2034,Radiologic Technologists and Technicians,65140
473,29-2035,Magnetic Resonance Imaging Technologists,80090
474,29-2036,Medical Dosimetrists,128970
475,29-2040,Emergency Medical Technicians and Paramedics,39410
476,29-2042,Emergency Medical Technicians,36680
477,29-2043,Paramedics,49090
478,29-2050,Health Practitioner Support Technologists and Technicians,38780
479,29-2051,Dietetic Technicians,33960
480,29-2052,Pharmacy Technicians,37790
481,29-2053,Psychiatric Technicians,37380
482,29-2055,Surgical Technologists,55960
483,29-2056,Veterinary Technologists and Technicians,38240
484,29-2057,Ophthalmic Medical Technicians,38860
485,29-2061,Licensed Practical and Licensed Vocational Nurses,54620
486,29-2072,Medical Records Specialists,47180
487,29-2081,"Opticians, Dispensing",39610
488,29-2090,Miscellaneous Health Technologists and Technicians,45920
489,29-2091,Orthotists and Prosthetists,77070
490,29-2092,Hearing Aid Specialists,59020
491,29-2099,"Health Technologists and Technicians, All Other",44990
492,29-9000,Other Healthcare Practitioners and Technical Occupations,57740
493,29-9021,Health Information Technologists and Medical Registrars,58250
494,29-9090,Miscellaneous Health Practitioners and Technical Workers,57640
495,29-9091,Athletic Trainers,53840
496,29-9092,Genetic Counselors,89990
497,29-9093,Surgical Assistants,57290
498,29-9099,"Healthcare Practitioners and Technical Workers, All Other",60160
499,31-0000,Healthcare Support Occupations,33600
500,31-1100,"Home Health and Personal Care Aides; and Nursing Assistants, Orderlies, and Psychiatric Aides",31450
501,31-1120,Home Health and Personal Care Aides,30180
502,31-1120,Home Health and Personal Care Aides,30180
503,31-1130,"Nursing Assistants, Orderlies, and Psychiatric Aides",35760
504,31-1131,Nursing Assistants,35760
505,31-1132,Orderlies,34520
506,31-1133,Psychiatric Aides,37160
507,31-2000,Occupational Therapy and Physical Therapist Assistants and Aides,59560
508,31-2010,Occupational Therapy Assistants and Aides,63450
509,31-2011,Occupational Therapy Assistants,64250
510,31-2012,Occupational Therapy Aides,37060
511,31-2020,Physical Therapist Assistants and Aides,57240
512,31-2021,Physical Therapist Assistants,62770
513,31-2022,Physical Therapist Aides,31410
514,31-9000,Other Healthcare Support Occupations,38810
515,31-9011,Massage Therapists,49860
516,31-9090,Miscellaneous Healthcare Support Occupations,38550
517,31-9091,Dental Assistants,44820
518,31-9092,Medical Assistants,38270
519,31-9093,Medical Equipment Preparers,41480
520,31-9094,Medical Transcriptionists,34730
521,31-9095,Pharmacy Aides,33270
522,31-9096,Veterinary Assistants and Laboratory Animal Caretakers,34740
523,31-9097,Phlebotomists,38530
524,31-9099,"Healthcare Support Workers, All Other",40420
525,33-0000,Protective Service Occupations,45450
526,33-1000,Supervisors of Protective Service Workers,75750
527,33-1010,First-Line Supervisors of Law Enforcement Workers,84350
528,33-1011,First-Line Supervisors of Correctional Officers,63310
529,33-1012,First-Line Supervisors of Police and Detectives,96290
530,33-1021,First-Line Supervisors of Firefighting and Prevention Workers,80150
531,33-1090,"Miscellaneous First-Line Supervisors, Protective Service Workers",52850
532,33-1091,First-Line Supervisors of Security Workers,48810
533,33-1099,"First-Line Supervisors of Protective Service Workers, All Other",61030
534,33-2000,Firefighting and Prevention Workers,52740
535,33-2011,Firefighters,51680
536,33-2020,Fire Inspectors,65800
537,33-2021,Fire Inspectors and Investigators,69450
538,33-2022,Forest Fire Inspectors and Prevention Specialists,48110
539,33-3000,Law Enforcement Workers,61680
540,33-3010,"Bailiffs, Correctional Officers, and Jailers",49610
541,33-3011,Bailiffs,49100
542,33-3012,Correctional Officers and Jailers,49610
543,33-3021,Detectives and Criminal Investigators,86280
544,33-3031,Fish and Game Wardens,59500
545,33-3041,Parking Enforcement Workers,41570
546,33-3050,Police Officers,65810
547,33-3051,Police and Sheriff's Patrol Officers,65790
548,33-3052,Transit and Railroad Police,69150
549,33-9000,Other Protective Service Workers,34650
550,33-9011,Animal Control Workers,39320
551,33-9021,Private Detectives and Investigators,52120
552,33-9030,Security Guards and Gambling Surveillance Officers,34770
553,33-9031,Gambling Surveillance Officers and Gambling Investigators,35970
554,33-9032,Security Guards,34750
555,33-9090,Miscellaneous Protective Service Workers,32870
556,33-9091,Crossing Guards and Flaggers,33380
557,33-9092,"Lifeguards, Ski Patrol, and Other Recreational Protective Service Workers",27270
558,33-9093,Transportation Security Screeners,47710
559,33-9094,School Bus Monitors,29880
560,33-9099,"Protective Service Workers, All Other",36460
561,35-0000,Food Preparation and Serving Related Occupations,29640
562,35-1000,Supervisors of Food Preparation and Serving Workers,37930
563,35-1011,Chefs and Head Cooks,56520
564,35-1012,First-Line Supervisors of Food Preparation and Serving Workers,37050
565,35-2000,Cooks and Food Preparation Workers,30590
566,35-2010,Cooks,30910
567,35-2011,"Cooks, Fast Food",27640
568,35-2012,"Cooks, Institution and Cafeteria",32510
569,35-2013,"Cooks, Private Household",38570
570,35-2014,"Cooks, Restaurant",34110
571,35-2015,"Cooks, Short Order",30360
572,35-2019,"Cooks, All Other",33390
573,35-2021,Food Preparation Workers,29790
574,35-3000,Food and Beverage Serving Workers,28440
575,35-3011,Bartenders,29380
576,35-3023,Fast Food and Counter Workers,27930
577,35-3031,Waiters and Waitresses,29120
578,35-3041,"Food Servers, Nonrestaurant",30300
579,35-9000,Other Food Preparation and Serving Related Workers,28750
580,35-9011,Dining Room and Cafeteria Attendants and Bartender Helpers,29120
581,35-9021,Dishwashers,29080
582,35-9031,"Hosts and Hostesses, Restaurant, Lounge, and Coffee Shop",27720
583,35-9099,"Food Preparation and Serving Related Workers, All Other",30840
584,37-0000,Building and Grounds Cleaning and Maintenance Occupations,33870
585,37-1000,Supervisors of Building and Grounds Cleaning and Maintenance Workers,47230
586,37-1011,First-Line Supervisors of Housekeeping and Janitorial Workers,44440
587,37-1012,"First-Line Supervisors of Landscaping, Lawn Service, and Groundskeeping Workers",50810
588,37-2000,Building Cleaning and Pest Control Workers,31600
589,37-2010,Building Cleaning Workers,31350
590,37-2011,"Janitors and Cleaners, Except Maids and Housekeeping Cleaners",31990
591,37-2012,Maids and Housekeeping Cleaners,29960
592,37-2019,"Building Cleaning Workers, All Other",37200
593,37-2021,Pest Control Workers,38310
594,37-3000,Grounds Maintenance Workers,36160
595,37-3011,Landscaping and Groundskeeping Workers,35890
596,37-3012,"Pesticide Handlers, Sprayers, and Applicators, Vegetation",41440
597,37-3013,Tree Trimmers and Pruners,47080
598,37-3019,"Grounds Maintenance Workers, All Other",39520
599,39-0000,Personal Care and Service Occupations,31340
600,39-1000,Supervisors of Personal Care and Service Workers,45350
601,39-1010,First-Line Supervisors of Entertainment and Recreation Workers,46730
602,39-1013,First-Line Supervisors of Gambling Services Workers,56290
603,39-1014,"First-Line Supervisors of Entertainment and Recreation Workers, Except Gambling Services",44660
604,39-1022,First-Line Supervisors of Personal Service Workers,43680
605,39-2000,Animal Care and Service Workers,29790
606,39-2011,Animal Trainers,35620
607,39-2021,Animal Caretakers,29530
608,39-3000,Entertainment Attendants and Related Workers,28060
609,39-3010,Gambling Services Workers,29120
610,39-3011,Gambling Dealers,29120
611,39-3012,Gambling and Sports Book Writers and Runners,28940
612,39-3019,"Gambling Service Workers, All Other",30350
613,39-3021,Motion Picture Projectionists,33360
614,39-3031,"Ushers, Lobby Attendants, and Ticket Takers",27650
615,39-3090,Miscellaneous Entertainment Attendants and Related Workers,27930
616,39-3091,Amusement and Recreation Attendants,27780
617,39-3092,Costume Attendants,48470
618,39-3093,"Locker Room, Coatroom, and Dressing Room Attendants",30210
619,39-3099,"Entertainment Attendants and Related Workers, All Other",27260
620,39-4000,Funeral Service Workers,37310
621,39-4010,Embalmers and Crematory Operators,46290
622,39-4011,Embalmers,49910
623,39-4012,Crematory Operators,40360
624,39-4021,Funeral Attendants,31160
625,39-4031,"Morticians, Undertakers, and Funeral Arrangers",51570
626,39-5000,Personal Appearance Workers,33270
627,39-5010,"Barbers, Hairdressers, Hairstylists and Cosmetologists",33400
628,39-5011,Barbers,34990
629,39-5012,"Hairdressers, Hairstylists, and Cosmetologists",33290
630,39-5090,Miscellaneous Personal Appearance Workers,33000
631,39-5091,"Makeup Artists, Theatrical and Performance",96370
632,39-5092,Manicurists and Pedicurists,31130
633,39-5093,Shampooers,27860
634,39-5094,Skincare Specialists,38060
635,39-6000,"Baggage Porters, Bellhops, and Concierges",33870
636,39-6011,Baggage Porters and Bellhops,31510
637,39-6012,Concierges,35560
638,39-7000,Tour and Travel Guides,34440
639,39-7010,Tour and Travel Guides,34440
640,39-7010,Tour and Travel Guides,34440
641,39-9000,Other Personal Care and Service Workers,31570
642,39-9011,Childcare Workers,28520
643,39-9030,Recreation and Fitness Workers,35170
644,39-9031,Exercise Trainers and Group Fitness Instructors,45380
645,39-9032,Recreation Workers,31680
646,39-9041,Residential Advisors,35720
647,39-9099,"Personal Care and Service Workers, All Other",34670
648,41-0000,Sales and Related Occupations,35290
649,41-1000,Supervisors of Sales Workers,47800
650,41-1011,First-Line Supervisors of Retail Sales Workers,45250
651,41-1012,First-Line Supervisors of Non-Retail Sales Workers,82850
652,41-2000,Retail Sales Workers,29660
653,41-2010,Cashiers,28250
654,41-2011,Cashiers,28240
655,41-2012,Gambling Change Persons and Booth Cashiers,30010
656,41-2020,Counter and Rental Clerks and Parts Salespersons,35820
657,41-2021,Counter and Rental Clerks,35830
658,41-2022,Parts Salespersons,35800
659,41-2031,Retail Salespersons,30600
660,41-3000,"Sales Representatives, Services",61180
661,41-3011,Advertising Sales Agents,58450
662,41-3021,Insurance Sales Agents,57860
663,41-3031,"Securities, Commodities, and Financial Services Sales Agents",67480
664,41-3041,Travel Agents,46400
665,41-3091,"Sales Representatives of Services, Except Advertising, Insurance, Financial Services, and Travel",62400
666,41-4000,"Sales Representatives, Wholesale and Manufacturing",67750
667,41-4011,"Sales Representatives, Wholesale and Manufacturing, Technical and Scientific Products",97710
668,41-4012,"Sales Representatives, Wholesale and Manufacturing, Except Technical and Scientific Products",63230
669,41-9000,Other Sales and Related Workers,45970
670,41-9010,"Models, Demonstrators, and Product Promoters",34840
671,41-9011,Demonstrators and Product Promoters,34770
672,41-9012,Models,43130
673,41-9020,Real Estate Brokers and Sales Agents,52030
674,41-9021,Real Estate Brokers,62190
675,41-9022,Real Estate Sales Agents,49980
676,41-9031,Sales Engineers,108530
677,41-9041,Telemarketers,31030
678,41-9090,Miscellaneous Sales and Related Workers,42220
679,41-9091,"Door-to-Door Sales Workers, News and Street Vendors, and Related Workers",31100
680,41-9099,"Sales and Related Workers, All Other",44120
681,43-0000,Office and Administrative Support Occupations,40910
682,43-1000,Supervisors of Office and Administrative Support Workers,61370
683,43-1011,First-Line Supervisors of Office and Administrative Support Workers,61370
684,43-2000,Communications Equipment Operators,35020
685,43-2011,"Switchboard Operators, Including Answering Service",34670
686,43-2021,Telephone Operators,38330
687,43-2099,"Communications Equipment Operators, All Other",46180
688,43-3000,Financial Clerks,43680
689,43-3011,Bill and Account Collectors,39470
690,43-3021,Billing and Posting Clerks,42810
691,43-3031,"Bookkeeping, Accounting, and Auditing Clerks",45860
692,43-3041,Gambling Cage Workers,31720
693,43-3051,Payroll and Timekeeping Clerks,49630
694,43-3061,Procurement Clerks,45240
695,43-3071,Tellers,36380
696,43-3099,"Financial Clerks, All Other",47130
697,43-4000,Information and Record Clerks,37440
698,43-4011,Brokerage Clerks,54680
699,43-4021,Correspondence Clerks,38700
700,43-4031,"Court, Municipal, and License Clerks",44140
701,43-4041,"Credit Authorizers, Checkers, and Clerks",44830
702,43-4051,Customer Service Representatives,37780
703,43-4061,"Eligibility Interviewers, Government Programs",49230
704,43-4071,File Clerks,37290
705,43-4081,"Hotel, Motel, and Resort Desk Clerks",28910
706,43-4111,"Interviewers, Except Eligibility and Loan",38700
707,43-4121,"Library Assistants, Clerical",31150
708,43-4131,Loan Interviewers and Clerks,46490
709,43-4141,New Accounts Clerks,40820
710,43-4151,Order Clerks,38060
711,43-4161,"Human Resources Assistants, Except Payroll and Timekeeping",45930
712,43-4171,Receptionists and Information Clerks,33960
713,43-4181,Reservation and Transportation Ticket Agents and Travel Clerks,39160
714,43-4199,"Information and Record Clerks, All Other",44720
715,43-5000,"Material Recording, Scheduling, Dispatching, and Distributing Workers",44580
716,43-5011,Cargo and Freight Agents,46860
717,43-5021,Couriers and Messengers,35280
718,43-5030,Dispatchers,45550
719,43-5031,Public Safety Telecommunicators,46900
720,43-5032,"Dispatchers, Except Police, Fire, and Ambulance",44830
721,43-5041,"Meter Readers, Utilities",44760
722,43-5050,Postal Service Workers,53680
723,43-5051,Postal Service Clerks,56200
724,43-5052,Postal Service Mail Carriers,54250
725,43-5053,"Postal Service Mail Sorters, Processors, and Processing Machine Operators",49130
726,43-5061,"Production, Planning, and Expediting Clerks",50630
727,43-5071,"Shipping, Receiving, and Inventory Clerks",37760
728,43-5111,"Weighers, Measurers, Checkers, and Samplers, Recordkeeping",39950
729,43-6000,Secretaries and Administrative Assistants,44080
730,43-6011,Executive Secretaries and Executive Administrative Assistants,65980
731,43-6012,Legal Secretaries and Administrative Assistants,48780
732,43-6013,Medical Secretaries and Administrative Assistants,38500
733,43-6014,"Secretaries and Administrative Assistants, Except Legal, Medical, and Executive",41000
734,43-9000,Other Office and Administrative Support Workers,38290
735,43-9020,Data Entry and Information Processing Workers,37270
736,43-9021,Data Entry Keyers,36190
737,43-9022,Word Processors and Typists,44330
738,43-9031,Desktop Publishers,47910
739,43-9041,Insurance Claims and Policy Processing Clerks,46080
740,43-9051,"Mail Clerks and Mail Machine Operators, Except Postal Service",35070
741,43-9061,"Office Clerks, General",38040
742,43-9071,"Office Machine Operators, Except Computer",36710
743,43-9081,Proofreaders and Copy Markers,45410
744,43-9111,Statistical Assistants,48880
745,43-9199,"Office and Administrative Support Workers, All Other",38660
746,45-0000,"Farming, Fishing, and Forestry Occupations",33970
747,45-1000,"Supervisors of Farming, Fishing, and Forestry Workers",54490
748,45-1011,"First-Line Supervisors of Farming, Fishing, and Forestry Workers",54490
749,45-2000,Agricultural Workers,33410
750,45-2011,Agricultural Inspectors,44720
751,45-2021,Animal Breeders,45320
752,45-2041,"Graders and Sorters, Agricultural Products",32550
753,45-2090,Miscellaneous Agricultural Workers,33290
754,45-2091,Agricultural Equipment Operators,37780
755,45-2092,"Farmworkers and Laborers, Crop, Nursery, and Greenhouse",33000
756,45-2093,"Farmworkers, Farm, Ranch, and Aquacultural Animals",34150
757,45-2099,"Agricultural Workers, All Other",35720
758,45-4000,"Forest, Conservation, and Logging Workers",45050
759,45-4011,Forest and Conservation Workers,32270
760,45-4020,Logging Workers,46580
761,45-4021,Fallers,49160
762,45-4022,Logging Equipment Operators,46400
763,45-4023,Log Graders and Scalers,42370
764,45-4029,"Logging Workers, All Other",47110
765,47-0000,Construction and Extraction Occupations,50570
766,47-1000,Supervisors of Construction and Extraction Workers,74080
767,47-1011,First-Line Supervisors of Construction Trades and Extraction Workers,74080
768,47-2000,Construction Trades Workers,49330
769,47-2011,Boilermakers,66920
770,47-2020,"Brickmasons, Blockmasons, and Stonemasons",58290
771,47-2021,Brickmasons and Blockmasons,59000
772,47-2022,Stonemasons,50210
773,47-2031,Carpenters,51390
774,47-2040,"Carpet, Floor, and Tile Installers and Finishers",47890
775,47-2041,Carpet Installers,45240
776,47-2042,"Floor Layers, Except Carpet, Wood, and Hard Tiles",48870
777,47-2043,Floor Sanders and Finishers,46060
778,47-2044,Tile and Stone Setters,48340
779,47-2050,"Cement Masons, Concrete Finishers, and Terrazzo Workers",48330
780,47-2051,Cement Masons and Concrete Finishers,48300
781,47-2053,Terrazzo Workers and Finishers,52330
782,47-2061,Construction Laborers,40750
783,47-2070,Construction Equipment Operators,51050
784,47-2071,"Paving, Surfacing, and Tamping Equipment Operators",47270
785,47-2072,Pile Driver Operators,64310
786,47-2073,Operating Engineers and Other Construction Equipment Operators,51430
787,47-2080,"Drywall Installers, Ceiling Tile Installers, and Tapers",51160
788,47-2081,Drywall and Ceiling Tile Installers,50440
789,47-2082,Tapers,62360
790,47-2111,Electricians,60240
791,47-2121,Glaziers,48720
792,47-2130,Insulation Workers,47980
793,47-2131,"Insulation Workers, Floor, Ceiling, and Wall",45380
794,47-2132,"Insulation Workers, Mechanical",50590
795,47-2140,Painters and Paperhangers,46090
796,47-2141,"Painters, Construction and Maintenance",46090
797,47-2142,Paperhangers,44930
798,47-2150,"Pipelayers, Plumbers, Pipefitters, and Steamfitters",59320
799,47-2151,Pipelayers,45990
800,47-2152,"Plumbers, Pipefitters, and Steamfitters",60090
801,47-2161,Plasterers and Stucco Masons,49730
802,47-2171,Reinforcing Iron and Rebar Workers,51070
803,47-2181,Roofers,47920
804,47-2211,Sheet Metal Workers,55350
805,47-2221,Structural Iron and Steel Workers,60500
806,47-2231,Solar Photovoltaic Installers,45230
807,47-3000,"Helpers, Construction Trades",37180
808,47-3011,"Helpers--Brickmasons, Blockmasons, Stonemasons, and Tile and Marble Setters",39430
809,47-3012,Helpers--Carpenters,37490
810,47-3013,Helpers--Electricians,37070
811,47-3014,"Helpers--Painters, Paperhangers, Plasterers, and Stucco Masons",36080
812,47-3015,"Helpers--Pipelayers, Plumbers, Pipefitters, and Steamfitters",36340
813,47-3016,Helpers--Roofers,37020
814,47-3019,"Helpers, Construction Trades, All Other",37820
815,47-4000,Other Construction and Related Workers,49660
816,47-4011,Construction and Building Inspectors,64480
817,47-4021,Elevator and Escalator Installers and Repairers,99000
818,47-4031,Fence Erectors,39840
819,47-4041,Hazardous Materials Removal Workers,46690
820,47-4051,Highway Maintenance Workers,44930
821,47-4061,Rail-Track Laying and Maintenance Equipment Operators,63230
822,47-4071,Septic Tank Servicers and Sewer Pipe Cleaners,45610
823,47-4090,Miscellaneous Construction and Related Workers,44890
824,47-4090,Miscellaneous Construction and Related Workers,44890
825,47-5000,Extraction Workers,49330
826,47-5010,"Derrick, Rotary Drill, and Service Unit Operators, Oil and Gas",51050
827,47-5011,"Derrick Operators, Oil and Gas",51220
828,47-5012,"Rotary Drill Operators, Oil and Gas",55260
829,47-5013,"Service Unit Operators, Oil and Gas",50140
830,47-5020,Surface Mining Machine Operators and Earth Drillers,49590
831,47-5022,"Excavating and Loading Machine and Dragline Operators, Surface Mining",48350
832,47-5023,"Earth Drillers, Except Oil and Gas",51740
833,47-5032,"Explosives Workers, Ordnance Handling Experts, and Blasters",56670
834,47-5040,Underground Mining Machine Operators,60670
835,47-5041,Continuous Mining Machine Operators,57360
836,47-5043,"Roof Bolters, Mining",60210
837,47-5044,"Loading and Moving Machine Operators, Underground Mining",63920
838,47-5049,"Underground Mining Machine Operators, All Other",64180
839,47-5051,"Rock Splitters, Quarry",46010
840,47-5071,"Roustabouts, Oil and Gas",43590
841,47-5081,Helpers--Extraction Workers,43110
842,47-5099,"Extraction Workers, All Other",51600
843,49-0000,"Installation, Maintenance, and Repair Occupations",50080
844,49-1000,"Supervisors of Installation, Maintenance, and Repair Workers",73140
845,49-1011,"First-Line Supervisors of Mechanics, Installers, and Repairers",73140
846,49-2000,"Electrical and Electronic Equipment Mechanics, Installers, and Repairers",56950
847,49-2011,"Computer, Automated Teller, and Office Machine Repairers",44910
848,49-2020,Radio and Telecommunications Equipment Installers and Repairers,59940
849,49-2021,"Radio, Cellular, and Tower Equipment Installers and Repairers",59720
850,49-2022,"Telecommunications Equipment Installers and Repairers, Except Line Installers",59960
851,49-2090,"Miscellaneous Electrical and Electronic Equipment Mechanics, Installers, and Repairers",59270
852,49-2091,Avionics Technicians,75450
853,49-2092,"Electric Motor, Power Tool, and Related Repairers",48260
854,49-2093,"Electrical and Electronics Installers and Repairers, Transportation Equipment",73630
855,49-2094,"Electrical and Electronics Repairers, Commercial and Industrial Equipment",64030
856,49-2095,"Electrical and Electronics Repairers, Powerhouse, Substation, and Relay",93720
857,49-2096,"Electronic Equipment Installers and Repairers, Motor Vehicles",41600
858,49-2097,Audiovisual Equipment Installers and Repairers,44960
859,49-2098,Security and Fire Alarm Systems Installers,50130
860,49-3000,"Vehicle and Mobile Equipment Mechanics, Installers, and Repairers",48630
861,49-3011,Aircraft Mechanics and Service Technicians,70010
862,49-3020,Automotive Technicians and Repairers,47040
863,49-3021,Automotive Body and Related Repairers,47670
864,49-3022,Automotive Glass Installers and Repairers,43700
865,49-3023,Automotive Service Technicians and Mechanics,46970
866,49-3031,Bus and Truck Mechanics and Diesel Engine Specialists,54360
867,49-3040,Heavy Vehicle and Mobile Equipment Service Technicians and Mechanics,58350
868,49-3041,Farm Equipment Mechanics and Service Technicians,48010
869,49-3042,"Mobile Heavy Equipment Mechanics, Except Engines",59440
870,49-3043,Rail Car Repairers,62510
871,49-3050,Small Engine Mechanics,44080
872,49-3051,Motorboat Mechanics and Service Technicians,48280
873,49-3052,Motorcycle Mechanics,43370
874,49-3053,Outdoor Power Equipment and Other Small Engine Mechanics,40030
875,49-3090,"Miscellaneous Vehicle and Mobile Equipment Mechanics, Installers, and Repairers",35250
876,49-3091,Bicycle Repairers,36250
877,49-3092,Recreational Vehicle Service Technicians,45030
878,49-3093,Tire Repairers and Changers,34240
879,49-9000,"Other Installation, Maintenance, and Repair Occupations",48360
880,49-9010,Control and Valve Installers and Repairers,55790
881,49-9011,Mechanical Door Repairers,47010
882,49-9012,"Control and Valve Installers and Repairers, Except Mechanical Door",64810
883,49-9021,"Heating, Air Conditioning, and Refrigeration Mechanics and Installers",51390
884,49-9031,Home Appliance Repairers,46000
885,49-9040,"Industrial Machinery Installation, Repair, and Maintenance Workers",59470
886,49-9041,Industrial Machinery Mechanics,59830
887,49-9043,"Maintenance Workers, Machinery",53310
888,49-9044,Millwrights,60930
889,49-9045,"Refractory Materials Repairers, Except Brickmasons",50550
890,49-9050,Line Installers and Repairers,75230
891,49-9051,Electrical Power-Line Installers and Repairers,82340
892,49-9052,Telecommunications Line Installers and Repairers,60580
893,49-9060,Precision Instrument and Equipment Repairers,56070
894,49-9061,Camera and Photographic Equipment Repairers,44060
895,49-9062,Medical Equipment Repairers,57860
896,49-9063,Musical Instrument Repairers and Tuners,38150
897,49-9064,Watch and Clock Repairers,48370
898,49-9069,"Precision Instrument and Equipment Repairers, All Other",61690
899,49-9071,"Maintenance and Repair Workers, General",44980
900,49-9081,Wind Turbine Service Technicians,57320
901,49-9090,"Miscellaneous Installation, Maintenance, and Repair Workers",40770
902,49-9091,"Coin, Vending, and Amusement Machine Servicers and Repairers",39690
903,49-9092,Commercial Divers,68300
904,49-9094,Locksmiths and Safe Repairers,47400
905,49-9095,Manufactured Building and Mobile Home Installers,36820
906,49-9096,Riggers,54680
907,49-9097,Signal and Track Switch Repairers,81300
908,49-9098,"Helpers--Installation, Maintenance, and Repair Workers",35100
909,49-9099,"Installation, Maintenance, and Repair Workers, All Other",44500
910,51-0000,Production Occupations,39910
911,51-1000,Supervisors of Production Workers,63510
912,51-1011,First-Line Supervisors of Production and Operating Workers,63510
913,51-2000,Assemblers and Fabricators,37930
914,51-2011,"Aircraft Structure, Surfaces, Rigging, and Systems Assemblers",58430
915,51-2020,"Electrical, Electronics, and Electromechanical Assemblers",38640
916,51-2021,"Coil Winders, Tapers, and Finishers",43160
917,51-2028,"Electrical, Electronic, and Electromechanical Assemblers, Except Coil Winders, Tapers, and Finishers",38580
918,51-2031,Engine and Other Machine Assemblers,50850
919,51-2041,Structural Metal Fabricators and Fitters,47200
920,51-2051,Fiberglass Laminators and Fabricators,38110
921,51-2061,Timing Device Assemblers and Adjusters,42290
922,51-2090,Miscellaneous Assemblers and Fabricators,37280
923,51-2090,Miscellaneous Assemblers and Fabricators,37280
924,51-3000,Food Processing Workers,35320
925,51-3011,Bakers,32780
926,51-3020,"Butchers and Other Meat, Poultry, and Fish Processing Workers",35870
927,51-3021,Butchers and Meat Cutters,36930
928,51-3022,"Meat, Poultry, and Fish Cutters and Trimmers",35070
929,51-3023,Slaughterers and Meat Packers,35240
930,51-3090,Miscellaneous Food Processing Workers,36190
931,51-3091,"Food and Tobacco Roasting, Baking, and Drying Machine Operators and Tenders",37790
932,51-3092,Food Batchmakers,36580
933,51-3093,Food Cooking Machine Operators and Tenders,36700
934,51-3099,"Food Processing Workers, All Other",34710
935,51-4000,Metal Workers and Plastic Workers,45080
936,51-4020,"Forming Machine Setters, Operators, and Tenders, Metal and Plastic",42540
937,51-4021,"Extruding and Drawing Machine Setters, Operators, and Tenders, Metal and Plastic",39970
938,51-4022,"Forging Machine Setters, Operators, and Tenders, Metal and Plastic",46540
939,51-4023,"Rolling Machine Setters, Operators, and Tenders, Metal and Plastic",46310
940,51-4030,"Machine Tool Cutting Setters, Operators, and Tenders, Metal and Plastic",39880
941,51-4031,"Cutting, Punching, and Press Machine Setters, Operators, and Tenders, Metal and Plastic",39340
942,51-4032,"Drilling and Boring Machine Tool Setters, Operators, and Tenders, Metal and Plastic",42450
943,51-4033,"Grinding, Lapping, Polishing, and Buffing Machine Tool Setters, Operators, and Tenders, Metal and Plastic",38910
944,51-4034,"Lathe and Turning Machine Tool Setters, Operators, and Tenders, Metal and Plastic",47020
945,51-4035,"Milling and Planing Machine Setters, Operators, and Tenders, Metal and Plastic",46870
946,51-4041,Machinists,48510
947,51-4050,"Metal Furnace Operators, Tenders, Pourers, and Casters",49110
948,51-4051,Metal-Refining Furnace Operators and Tenders,50280
949,51-4052,"Pourers and Casters, Metal",45070
950,51-4060,"Model Makers and Patternmakers, Metal and Plastic",56170
951,51-4061,"Model Makers, Metal and Plastic",57620
952,51-4062,"Patternmakers, Metal and Plastic",54970
953,51-4070,"Molders and Molding Machine Setters, Operators, and Tenders, Metal and Plastic",37160
954,51-4071,Foundry Mold and Coremakers,40120
955,51-4072,"Molding, Coremaking, and Casting Machine Setters, Operators, and Tenders, Metal and Plastic",37050
956,51-4081,"Multiple Machine Tool Setters, Operators, and Tenders, Metal and Plastic",39210
957,51-4111,Tool and Die Makers,59800
958,51-4120,"Welding, Soldering, and Brazing Workers",47430
959,51-4121,"Welders, Cutters, Solderers, and Brazers",47540
960,51-4122,"Welding, Soldering, and Brazing Machine Setters, Operators, and Tenders",44920
961,51-4190,Miscellaneous Metal Workers and Plastic Workers,39520
962,51-4191,"Heat Treating Equipment Setters, Operators, and Tenders, Metal and Plastic",40900
963,51-4192,"Layout Workers, Metal and Plastic",58260
964,51-4193,"Plating Machine Setters, Operators, and Tenders, Metal and Plastic",37900
965,51-4194,"Tool Grinders, Filers, and Sharpeners",41940
966,51-4199,"Metal Workers and Plastic Workers, All Other",38340
967,51-5100,Printing Workers,38890
968,51-5111,Prepress Technicians and Workers,43560
969,51-5112,Printing Press Operators,39350
970,51-5113,Print Binding and Finishing Workers,36970
971,51-6000,"Textile, Apparel, and Furnishings Workers",31200
972,51-6011,Laundry and Dry-Cleaning Workers,29060
973,51-6021,"Pressers, Textile, Garment, and Related Materials",29690
974,51-6031,Sewing Machine Operators,31740
975,51-6040,Shoe and Leather Workers,32790
976,51-6041,Shoe and Leather Workers and Repairers,32460
977,51-6042,Shoe Machine Operators and Tenders,33060
978,51-6050,"Tailors, Dressmakers, and Sewers",33850
979,51-6051,"Sewers, Hand",31530
980,51-6052,"Tailors, Dressmakers, and Custom Sewers",34280
981,51-6060,"Textile Machine Setters, Operators, and Tenders",34170
982,51-6061,Textile Bleaching and Dyeing Machine Operators and Tenders,32680
983,51-6062,"Textile Cutting Machine Setters, Operators, and Tenders",34420
984,51-6063,"Textile Knitting and Weaving Machine Setters, Operators, and Tenders",35750
985,51-6064,"Textile Winding, Twisting, and Drawing Out Machine Setters, Operators, and Tenders",33720
986,51-6090,"Miscellaneous Textile, Apparel, and Furnishings Workers",38460
987,51-6091,"Extruding and Forming Machine Setters, Operators, and Tenders, Synthetic and Glass Fibers",39860
988,51-6092,Fabric and Apparel Patternmakers,60320
989,51-6093,Upholsterers,39600
990,51-6099,"Textile, Apparel, and Furnishings Workers, All Other",32640
991,51-7000,Woodworkers,37520
992,51-7011,Cabinetmakers and Bench Carpenters,38810
993,51-7021,Furniture Finishers,37960
994,51-7030,"Model Makers and Patternmakers, Wood",46100
995,51-7031,"Model Makers, Wood",46940
996,51-7032,"Patternmakers, Wood",44290
997,51-7040,"Woodworking Machine Setters, Operators, and Tenders",36580
998,51-7041,"Sawing Machine Setters, Operators, and Tenders, Wood",36270
999,51-7042,"Woodworking Machine Setters, Operators, and Tenders, Except Sawing",36830
1000,51-7099,"Woodworkers, All Other",35370
1001,51-8000,Plant and System Operators,64990
1002,51-8010,"Power Plant Operators, Distributors, and Dispatchers",97570
1003,51-8011,Nuclear Power Reactor Operators,115870
1004,51-8012,Power Distributors and Dispatchers,101650
1005,51-8013,Power Plant Operators,93060
1006,51-8021,Stationary Engineers and Boiler Operators,67120
1007,51-8031,Water and Wastewater Treatment Plant and System Operators,51600
1008,51-8090,Miscellaneous Plant and System Operators,79210
1009,51-8091,Chemical Plant and System Operators,82670
1010,51-8092,Gas Plant Operators,79460
1011,51-8093,"Petroleum Pump System Operators, Refinery Operators, and Gaugers",85090
1012,51-8099,"Plant and System Operators, All Other",57470
1013,51-9000,Other Production Occupations,39960
1014,51-9010,"Chemical Processing Machine Setters, Operators, and Tenders",48260
1015,51-9011,Chemical Equipment Operators and Tenders,49330
1016,51-9012,"Separating, Filtering, Clarifying, Precipitating, and Still Machine Setters, Operators, and Tenders",46250
1017,51-9020,"Crushing, Grinding, Polishing, Mixing, and Blending Workers",42120
1018,51-9021,"Crushing, Grinding, and Polishing Machine Setters, Operators, and Tenders",43290
1019,51-9022,"Grinding and Polishing Workers, Hand",36960
1020,51-9023,"Mixing and Blending Machine Setters, Operators, and Tenders",43410
1021,51-9030,Cutting Workers,39410
1022,51-9031,"Cutters and Trimmers, Hand",36130
1023,51-9032,"Cutting and Slicing Machine Setters, Operators, and Tenders",39880
1024,51-9041,"Extruding, Forming, Pressing, and Compacting Machine Setters, Operators, and Tenders",39480
1025,51-9051,"Furnace, Kiln, Oven, Drier, and Kettle Operators and Tenders",44530
1026,51-9061,"Inspectors, Testers, Sorters, Samplers, and Weighers",43900
1027,51-9071,Jewelers and Precious Stone and Metal Workers,47140
1028,51-9080,Dental and Ophthalmic Laboratory Technicians and Medical Appliance Technicians,41180
1029,51-9081,Dental Laboratory Technicians,46050
1030,51-9082,Medical Appliance Technicians,42160
1031,51-9083,Ophthalmic Laboratory Technicians,36810
1032,51-9111,Packaging and Filling Machine Operators and Tenders,36750
1033,51-9120,Painting Workers,43370
1034,51-9123,"Painting, Coating, and Decorating Workers",38270
1035,51-9124,"Coating, Painting, and Spraying Machine Setters, Operators, and Tenders",43960
1036,51-9141,Semiconductor Processing Technicians,44690
1037,51-9151,Photographic Process Workers and Processing Machine Operators,36280
1038,51-9160,Computer Numerically Controlled Tool Operators and Programmers,47810
1039,51-9161,Computer Numerically Controlled Tool Operators,46760
1040,51-9162,Computer Numerically Controlled Tool Programmers,60800
1041,51-9190,Miscellaneous Production Workers,36680
1042,51-9191,Adhesive Bonding Machine Operators and Tenders,38780
1043,51-9192,"Cleaning, Washing, and Metal Pickling Equipment Operators and Tenders",37190
1044,51-9193,Cooling and Freezing Equipment Operators and Tenders,42890
1045,51-9194,Etchers and Engravers,37980
1046,51-9195,"Molders, Shapers, and Casters, Except Metal and Plastic",39590
1047,51-9196,"Paper Goods Machine Setters, Operators, and Tenders",45710
1048,51-9197,Tire Builders,51650
1049,51-9198,Helpers--Production Workers,34670
1050,51-9199,"Production Workers, All Other",35490
1051,53-0000,Transportation and Material Moving Occupations,37940
1052,53-1000,Supervisors of Transportation and Material Moving Workers,57810
1053,53-1041,Aircraft Cargo Handling Supervisors,53490
1054,53-1047,"First-Line Supervisors of Transportation and Material Moving Workers, Except Aircraft Cargo Handling Supervisors",57860
1055,53-2000,Air Transportation Workers,95010
1056,53-2010,Aircraft Pilots and Flight Engineers,148900
1057,53-2011,"Airline Pilots, Copilots, and Flight Engineers",211790
1058,53-2012,Commercial Pilots,103910
1059,53-2020,Air Traffic Controllers and Airfield Operations Specialists,94700
1060,53-2021,Air Traffic Controllers,132250
1061,53-2022,Airfield Operations Specialists,49600
1062,53-2031,Flight Attendants,63760
1063,53-3000,Motor Vehicle Operators,45460
1064,53-3011,"Ambulance Drivers and Attendants, Except Emergency Medical Technicians",30380
1065,53-3030,Driver/Sales Workers and Truck Drivers,46300
1066,53-3031,Driver/Sales Workers,32690
1067,53-3032,Heavy and Tractor-Trailer Truck Drivers,49920
1068,53-3033,Light Truck Drivers,40410
1069,53-3050,Passenger Vehicle Drivers,39440
1070,53-3051,"Bus Drivers, School",41270
1071,53-3052,"Bus Drivers, Transit and Intercity",50890
1072,53-3053,Shuttle Drivers and Chauffeurs,32800
1073,53-3053,Shuttle Drivers and Chauffeurs,32800
1074,53-3054,Taxi Drivers,30670
1075,53-3099,"Motor Vehicle Operators, All Other",33210
1076,53-4000,Rail Transportation Workers,68960
1077,53-4010,Locomotive Engineers and Operators,73770
1078,53-4011,Locomotive Engineers,74570
1079,53-4013,"Rail Yard Engineers, Dinkey Operators, and Hostlers",56340
1080,53-4022,"Railroad Brake, Signal, and Switch Operators and Locomotive Firers",67540
1081,53-4031,Railroad Conductors and Yardmasters,68180
1082,53-4041,Subway and Streetcar Operators,88260
1083,53-4099,"Rail Transportation Workers, All Other",42280
1084,53-5000,Water Transportation Workers,66100
1085,53-5011,Sailors and Marine Oilers,47490
1086,53-5020,Ship and Boat Captains and Operators,87320
1087,53-5021,"Captains, Mates, and Pilots of Water Vessels",95210
1088,53-5022,Motorboat Operators,41430
1089,53-5031,Ship Engineers,87300
1090,53-6000,Other Transportation Workers,32680
1091,53-6011,Bridge and Lock Tenders,47280
1092,53-6021,Parking Attendants,30570
1093,53-6030,Transportation Service Attendants,31820
1094,53-6031,Automotive and Watercraft Service Attendants,30850
1095,53-6032,Aircraft Service Attendants,37050
1096,53-6041,Traffic Technicians,50050
1097,53-6051,Transportation Inspectors,79570
1098,53-6061,Passenger Attendants,34630
1099,53-6099,"Transportation Workers, All Other",37430
1100,53-7000,Material Moving Workers,35670
1101,53-7011,Conveyor Operators and Tenders,36890
1102,53-7021,Crane and Tower Operators,61340
1103,53-7031,Dredge Operators,47090
1104,53-7041,Hoist and Winch Operators,58950
1105,53-7051,Industrial Truck and Tractor Operators,41230
1106,53-7060,Laborers and Material Movers,34880
1107,53-7061,Cleaners of Vehicles and Equipment,31000
1108,53-7062,"Laborers and Freight, Stock, and Material Movers, Hand",36110
1109,53-7063,Machine Feeders and Offbearers,38040
1110,53-7064,"Packers and Packagers, Hand",32920
1111,53-7065,Stockers and Order Fillers,34220
1112,53-7070,Pumping Station Operators,60180
1113,53-7071,Gas Compressor and Gas Pumping Station Operators,59990
1114,53-7072,"Pump Operators, Except Wellhead Pumpers",55860
1115,53-7073,Wellhead Pumpers,63280
1116,53-7081,Refuse and Recyclable Material Collectors,43540
1117,53-7121,"Tank Car, Truck, and Ship Loaders",53930
1118,53-7199,"Material Moving Workers, All Other",38800
